{"parent":"minecraft:item/generated","textures":{"layer0":"minecraft:item/candle"},"overrides":[{"predicate":{"custom_model_data":1},"model":"item/black_backpack_left"},{"predicate":{"custom_model_data":2},"model":"item/blue_backpack_left"},{"predicate":{"custom_model_data":3},"model":"item/brown_backpack_left"},{"predicate":{"custom_model_data":4},"model":"item/cyan_backpack_left"},{"predicate":{"custom_model_data":5},"model":"item/gray_backpack_left"},{"predicate":{"custom_model_data":6},"model":"item/green_backpack_left"},{"predicate":{"custom_model_data":7},"model":"item/light_blue_backpack_left"},{"predicate":{"custom_model_data":8},"model":"item/light_gray_backpack_left"},{"predicate":{"custom_model_data":9},"model":"item/lime_backpack_left"},{"predicate":{"custom_model_data":10},"model":"item/magenta_backpack_left"},{"predicate":{"custom_model_data":11},"model":"item/orange_backpack_left"},{"predicate":{"custom_model_data":12},"model":"item/pink_backpack_left"},{"predicate":{"custom_model_data":13},"model":"item/purple_backpack_left"},{"predicate":{"custom_model_data":14},"model":"item/red_backpack_left"},{"predicate":{"custom_model_data":15},"model":"item/white_backpack_left"},{"predicate":{"custom_model_data":16},"model":"item/yellow_backpack_left"},{"predicate":{"custom_model_data":101},"model":"item/black_backpack_right"},{"predicate":{"custom_model_data":102},"model":"item/black_backpack_none"},{"predicate":{"custom_model_data":103},"model":"item/black_backpack"},{"predicate":{"custom_model_data":201},"model":"item/blue_backpack_right"},{"predicate":{"custom_model_data":202},"model":"item/blue_backpack_none"},{"predicate":{"custom_model_data":203},"model":"item/blue_backpack"},{"predicate":{"custom_model_data":301},"model":"item/brown_backpack_right"},{"predicate":{"custom_model_data":302},"model":"item/brown_backpack_none"},{"predicate":{"custom_model_data":303},"model":"item/brown_backpack"},{"predicate":{"custom_model_data":401},"model":"item/cyan_backpack_right"},{"predicate":{"custom_model_data":402},"model":"item/cyan_backpack_none"},{"predicate":{"custom_model_data":403},"model":"item/cyan_backpack"},{"predicate":{"custom_model_data":501},"model":"item/gray_backpack_right"},{"predicate":{"custom_model_data":502},"model":"item/gray_backpack_none"},{"predicate":{"custom_model_data":503},"model":"item/gray_backpack"},{"predicate":{"custom_model_data":601},"model":"item/green_backpack_right"},{"predicate":{"custom_model_data":602},"model":"item/green_backpack_none"},{"predicate":{"custom_model_data":603},"model":"item/green_backpack"},{"predicate":{"custom_model_data":701},"model":"item/light_blue_backpack_right"},{"predicate":{"custom_model_data":702},"model":"item/light_blue_backpack_none"},{"predicate":{"custom_model_data":703},"model":"item/light_blue_backpack"},{"predicate":{"custom_model_data":801},"model":"item/light_gray_backpack_right"},{"predicate":{"custom_model_data":802},"model":"item/light_gray_backpack_none"},{"predicate":{"custom_model_data":803},"model":"item/light_gray_backpack"},{"predicate":{"custom_model_data":901},"model":"item/lime_backpack_right"},{"predicate":{"custom_model_data":902},"model":"item/lime_backpack_none"},{"predicate":{"custom_model_data":903},"model":"item/lime_backpack"},{"predicate":{"custom_model_data":1001},"model":"item/magenta_backpack_right"},{"predicate":{"custom_model_data":1002},"model":"item/magenta_backpack_none"},{"predicate":{"custom_model_data":1003},"model":"item/magenta_backpack"},{"predicate":{"custom_model_data":1101},"model":"item/orange_backpack_right"},{"predicate":{"custom_model_data":1102},"model":"item/orange_backpack_none"},{"predicate":{"custom_model_data":1103},"model":"item/orange_backpack"},{"predicate":{"custom_model_data":1201},"model":"item/pink_backpack_right"},{"predicate":{"custom_model_data":1202},"model":"item/pink_backpack_none"},{"predicate":{"custom_model_data":1203},"model":"item/pink_backpack"},{"predicate":{"custom_model_data":1301},"model":"item/purple_backpack_right"},{"predicate":{"custom_model_data":1302},"model":"item/purple_backpack_none"},{"predicate":{"custom_model_data":1303},"model":"item/purple_backpack"},{"predicate":{"custom_model_data":1401},"model":"item/red_backpack_right"},{"predicate":{"custom_model_data":1402},"model":"item/red_backpack_none"},{"predicate":{"custom_model_data":1403},"model":"item/red_backpack"},{"predicate":{"custom_model_data":1501},"model":"item/white_backpack_right"},{"predicate":{"custom_model_data":1502},"model":"item/white_backpack_none"},{"predicate":{"custom_model_data":1503},"model":"item/white_backpack"},{"predicate":{"custom_model_data":1601},"model":"item/yellow_backpack_right"},{"predicate":{"custom_model_data":1602},"model":"item/yellow_backpack_none"},{"predicate":{"custom_model_data":1603},"model":"item/yellow_backpack"}]}