{"parent":"item/generated","textures":{"layer0":"block/poppy"},"overrides":[{"predicate":{"custom_model_data":100},"model":"item/icon/plugin"},{"predicate":{"custom_model_data":800},"model":"item/icon/menu_black"},{"predicate":{"custom_model_data":801},"model":"item/icon/menu_blue"},{"predicate":{"custom_model_data":802},"model":"item/icon/menu_brown"},{"predicate":{"custom_model_data":803},"model":"item/icon/menu_cyan"},{"predicate":{"custom_model_data":804},"model":"item/icon/menu_gray"},{"predicate":{"custom_model_data":805},"model":"item/icon/menu_green"},{"predicate":{"custom_model_data":806},"model":"item/icon/menu_lightblue"},{"predicate":{"custom_model_data":807},"model":"item/icon/menu_lightgray"},{"predicate":{"custom_model_data":808},"model":"item/icon/menu_lime"},{"predicate":{"custom_model_data":809},"model":"item/icon/menu_magenta"},{"predicate":{"custom_model_data":810},"model":"item/icon/menu_orange"},{"predicate":{"custom_model_data":811},"model":"item/icon/menu_pink"},{"predicate":{"custom_model_data":812},"model":"item/icon/menu_purple"},{"predicate":{"custom_model_data":813},"model":"item/icon/menu_red"},{"predicate":{"custom_model_data":814},"model":"item/icon/menu_white"},{"predicate":{"custom_model_data":815},"model":"item/icon/menu_yellow"},{"predicate":{"custom_model_data":900},"model":"item/icon/sorting_black"},{"predicate":{"custom_model_data":901},"model":"item/icon/sorting_blue"},{"predicate":{"custom_model_data":902},"model":"item/icon/sorting_brown"},{"predicate":{"custom_model_data":903},"model":"item/icon/sorting_cyan"},{"predicate":{"custom_model_data":904},"model":"item/icon/sorting_gray"},{"predicate":{"custom_model_data":905},"model":"item/icon/sorting_green"},{"predicate":{"custom_model_data":906},"model":"item/icon/sorting_lightblue"},{"predicate":{"custom_model_data":907},"model":"item/icon/sorting_lightgray"},{"predicate":{"custom_model_data":908},"model":"item/icon/sorting_lime"},{"predicate":{"custom_model_data":909},"model":"item/icon/sorting_magenta"},{"predicate":{"custom_model_data":910},"model":"item/icon/sorting_orange"},{"predicate":{"custom_model_data":911},"model":"item/icon/sorting_pink"},{"predicate":{"custom_model_data":912},"model":"item/icon/sorting_purple"},{"predicate":{"custom_model_data":913},"model":"item/icon/sorting_red"},{"predicate":{"custom_model_data":914},"model":"item/icon/sorting_white"},{"predicate":{"custom_model_data":915},"model":"item/icon/sorting_yellow"},{"predicate":{"custom_model_data":1000},"model":"item/icon/trash_empty_black"},{"predicate":{"custom_model_data":1001},"model":"item/icon/trash_empty_blue"},{"predicate":{"custom_model_data":1002},"model":"item/icon/trash_empty_brown"},{"predicate":{"custom_model_data":1003},"model":"item/icon/trash_empty_cyan"},{"predicate":{"custom_model_data":1004},"model":"item/icon/trash_empty_gray"},{"predicate":{"custom_model_data":1005},"model":"item/icon/trash_empty_green"},{"predicate":{"custom_model_data":1006},"model":"item/icon/trash_empty_lightblue"},{"predicate":{"custom_model_data":1007},"model":"item/icon/trash_empty_lightgray"},{"predicate":{"custom_model_data":1008},"model":"item/icon/trash_empty_lime"},{"predicate":{"custom_model_data":1009},"model":"item/icon/trash_empty_magenta"},{"predicate":{"custom_model_data":1010},"model":"item/icon/trash_empty_orange"},{"predicate":{"custom_model_data":1011},"model":"item/icon/trash_empty_pink"},{"predicate":{"custom_model_data":1012},"model":"item/icon/trash_empty_purple"},{"predicate":{"custom_model_data":1013},"model":"item/icon/trash_empty_red"},{"predicate":{"custom_model_data":1014},"model":"item/icon/trash_empty_white"},{"predicate":{"custom_model_data":1015},"model":"item/icon/trash_empty_yellow"},{"predicate":{"custom_model_data":1100},"model":"item/icon/trash_full_black"},{"predicate":{"custom_model_data":1101},"model":"item/icon/trash_full_blue"},{"predicate":{"custom_model_data":1102},"model":"item/icon/trash_full_brown"},{"predicate":{"custom_model_data":1103},"model":"item/icon/trash_full_cyan"},{"predicate":{"custom_model_data":1104},"model":"item/icon/trash_full_gray"},{"predicate":{"custom_model_data":1105},"model":"item/icon/trash_full_green"},{"predicate":{"custom_model_data":1106},"model":"item/icon/trash_full_lightblue"},{"predicate":{"custom_model_data":1107},"model":"item/icon/trash_full_lightgray"},{"predicate":{"custom_model_data":1108},"model":"item/icon/trash_full_lime"},{"predicate":{"custom_model_data":1109},"model":"item/icon/trash_full_magenta"},{"predicate":{"custom_model_data":1110},"model":"item/icon/trash_full_orange"},{"predicate":{"custom_model_data":1111},"model":"item/icon/trash_full_pink"},{"predicate":{"custom_model_data":1112},"model":"item/icon/trash_full_purple"},{"predicate":{"custom_model_data":1113},"model":"item/icon/trash_full_red"},{"predicate":{"custom_model_data":1114},"model":"item/icon/trash_full_white"},{"predicate":{"custom_model_data":1115},"model":"item/icon/trash_full_yellow"},{"predicate":{"custom_model_data":1800},"model":"item/icon/up_black"},{"predicate":{"custom_model_data":1801},"model":"item/icon/up_blue"},{"predicate":{"custom_model_data":1802},"model":"item/icon/up_brown"},{"predicate":{"custom_model_data":1803},"model":"item/icon/up_cyan"},{"predicate":{"custom_model_data":1804},"model":"item/icon/up_gray"},{"predicate":{"custom_model_data":1805},"model":"item/icon/up_green"},{"predicate":{"custom_model_data":1806},"model":"item/icon/up_lightblue"},{"predicate":{"custom_model_data":1807},"model":"item/icon/up_lightgray"},{"predicate":{"custom_model_data":1808},"model":"item/icon/up_lime"},{"predicate":{"custom_model_data":1809},"model":"item/icon/up_magenta"},{"predicate":{"custom_model_data":1810},"model":"item/icon/up_orange"},{"predicate":{"custom_model_data":1811},"model":"item/icon/up_pink"},{"predicate":{"custom_model_data":1812},"model":"item/icon/up_purple"},{"predicate":{"custom_model_data":1813},"model":"item/icon/up_red"},{"predicate":{"custom_model_data":1814},"model":"item/icon/up_white"},{"predicate":{"custom_model_data":1815},"model":"item/icon/up_yellow"},{"predicate":{"custom_model_data":1850},"model":"item/icon/down_black"},{"predicate":{"custom_model_data":1851},"model":"item/icon/down_blue"},{"predicate":{"custom_model_data":1852},"model":"item/icon/down_brown"},{"predicate":{"custom_model_data":1853},"model":"item/icon/down_cyan"},{"predicate":{"custom_model_data":1854},"model":"item/icon/down_gray"},{"predicate":{"custom_model_data":1855},"model":"item/icon/down_green"},{"predicate":{"custom_model_data":1856},"model":"item/icon/down_lightblue"},{"predicate":{"custom_model_data":1857},"model":"item/icon/down_lightgray"},{"predicate":{"custom_model_data":1858},"model":"item/icon/down_lime"},{"predicate":{"custom_model_data":1859},"model":"item/icon/down_magenta"},{"predicate":{"custom_model_data":1860},"model":"item/icon/down_orange"},{"predicate":{"custom_model_data":1861},"model":"item/icon/down_pink"},{"predicate":{"custom_model_data":1862},"model":"item/icon/down_purple"},{"predicate":{"custom_model_data":1863},"model":"item/icon/down_red"},{"predicate":{"custom_model_data":1864},"model":"item/icon/down_white"},{"predicate":{"custom_model_data":1865},"model":"item/icon/down_yellow"},{"predicate":{"custom_model_data":18000},"model":"item/icon/black_arrow_disabled"},{"predicate":{"custom_model_data":18010},"model":"item/icon/blue_arrow_disabled"},{"predicate":{"custom_model_data":18020},"model":"item/icon/brown_arrow_disabled"},{"predicate":{"custom_model_data":18030},"model":"item/icon/cyan_arrow_disabled"},{"predicate":{"custom_model_data":18040},"model":"item/icon/gray_arrow_disabled"},{"predicate":{"custom_model_data":18050},"model":"item/icon/green_arrow_disabled"},{"predicate":{"custom_model_data":18060},"model":"item/icon/lightblue_arrow_disabled"},{"predicate":{"custom_model_data":18070},"model":"item/icon/lightgray_arrow_disabled"},{"predicate":{"custom_model_data":18080},"model":"item/icon/lime_arrow_disabled"},{"predicate":{"custom_model_data":18090},"model":"item/icon/magenta_arrow_disabled"},{"predicate":{"custom_model_data":18100},"model":"item/icon/orange_arrow_disabled"},{"predicate":{"custom_model_data":18110},"model":"item/icon/pink_arrow_disabled"},{"predicate":{"custom_model_data":18120},"model":"item/icon/purple_arrow_disabled"},{"predicate":{"custom_model_data":18130},"model":"item/icon/red_arrow_disabled"},{"predicate":{"custom_model_data":18140},"model":"item/icon/white_arrow_disabled"},{"predicate":{"custom_model_data":18150},"model":"item/icon/yellow_arrow_disabled"},{"predicate":{"custom_model_data":10000000},"model":"item/icon/border"},{"predicate":{"custom_model_data":10000004},"model":"item/icon/scrollbar_oben"},{"predicate":{"custom_model_data":10000005},"model":"item/icon/scrollbar_mitte"},{"predicate":{"custom_model_data":10000006},"model":"item/icon/scrollbar_unten"},{"predicate":{"custom_model_data":10000007},"model":"item/icon/scrollbutton_oben"},{"predicate":{"custom_model_data":10000008},"model":"item/icon/scrollbutton_mitte"},{"predicate":{"custom_model_data":10000009},"model":"item/icon/scrollbutton_unten"},{"predicate":{"custom_model_data":10000010},"model":"item/icon/scrollhalf_oben"},{"predicate":{"custom_model_data":10000011},"model":"item/icon/scrollhalf_mitte"},{"predicate":{"custom_model_data":10000012},"model":"item/icon/scrollhalf_mitte2"},{"predicate":{"custom_model_data":10000013},"model":"item/icon/scrollhalf_unten"}]}