{"display":{"thirdperson_righthand":{"rotation":[70,-180,5],"translation":[-5.75,-7.25,10]},"firstperson_righthand":{"rotation":[0,130,0],"translation":[0,5.25,0],"scale":[0,0,0]},"firstperson_lefthand":{"rotation":[0,130,0],"translation":[0,5.25,0],"scale":[0,0,0]},"ground":{"translation":[0,1.75,0]},"gui":{"rotation":[0,-136,0],"translation":[0,1,0]},"head":{"translation":[0,14,0]},"fixed":{"rotation":[-90,0,0],"translation":[0,1,-15],"scale":[2,2,2]}},"texture_size":[128,64],"textures":{"0":"vzbackpack:entity/backpack_yellow","particle":"vzbackpack:entity/backpack_yellow"},"elements":[{"name":"mainbody","from":[4,0,5],"to":[12,6,11],"rotation":{"angle":0,"axis":"y","origin":[8,0,9]},"faces":{"north":{"uv":[0,0,1,1.5],"texture":"#0"},"east":{"uv":[2,1.25,2.75,2.75],"texture":"#0"},"south":{"uv":[0,1.5,1,3],"texture":"#0"},"west":{"uv":[1.5,4.25,2.25,5.75],"texture":"#0"},"up":{"uv":[2,1.5,1,0],"texture":"#0"},"down":{"uv":[2,1.5,1,3],"texture":"#0"}}},{"name":"mainbody","from":[4,6,6],"to":[12,10,11],"rotation":{"angle":0,"axis":"y","origin":[8,0,9]},"faces":{"north":{"uv":[2.25,4.25,3.25,5.25],"texture":"#0"},"east":{"uv":[3,0,3.625,1],"texture":"#0"},"south":{"uv":[0,4.75,1,5.75],"texture":"#0"},"west":{"uv":[2,6.25,2.625,7.25],"texture":"#0"},"up":{"uv":[2.5,4.25,1.5,3],"texture":"#0"},"down":{"uv":[3,0,2,1.25],"texture":"#0"}}},{"name":"mainbody","from":[4.5,10,7],"to":[11.5,11,11],"rotation":{"angle":0,"axis":"y","origin":[8,0,9]},"faces":{"north":{"uv":[3,1,3.875,1.25],"texture":"#0"},"east":{"uv":[2,2.75,2.5,3],"texture":"#0"},"south":{"uv":[3.625,1.25,4.5,1.5],"texture":"#0"},"west":{"uv":[3.75,5,4.25,5.25],"texture":"#0"},"up":{"uv":[3.375,3.75,2.5,2.75],"texture":"#0"},"down":{"uv":[3.125,5.25,2.25,6.25],"texture":"#0"}}},{"name":"sidepockets","from":[3,0,8],"to":[4,6,10],"rotation":{"angle":0,"axis":"y","origin":[8,0,9]},"faces":{"north":{"uv":[7.5,0,8,4],"texture":"#0"},"east":{"uv":[7,1,7.125,1.25],"texture":"#0"},"south":{"uv":[7.5,0,8,4],"texture":"#0"},"west":{"uv":[7.125,0,8,4],"texture":"#0"},"up":{"uv":[2.25,6.25,2,5.75],"texture":"#0"},"down":{"uv":[4.125,5.25,3.875,5.75],"texture":"#0"}}},{"name":"sidepockets","from":[2.5,5.5,7.5],"to":[4,6,8],"rotation":{"angle":0,"axis":"y","origin":[8,0,9]},"faces":{"north":{"uv":[6.625,0,7.125,1],"texture":"#0"},"east":{"uv":[6.625,0,7.125,1],"texture":"#0"},"south":{"uv":[6.625,0,7.125,1],"texture":"#0"},"west":{"uv":[6.625,0,7.125,1],"texture":"#0"},"up":{"uv":[7.125,1,6.625,0],"texture":"#0"},"down":{"uv":[7.125,0,6.625,1],"texture":"#0"}}},{"name":"sidepockets","from":[2.5,5.5,10],"to":[4,6,10.5],"rotation":{"angle":0,"axis":"y","origin":[8,0,9]},"faces":{"north":{"uv":[6.625,0,7.125,1],"texture":"#0"},"east":{"uv":[6.625,0,7.125,1],"texture":"#0"},"south":{"uv":[6.625,0,7.125,1],"texture":"#0"},"west":{"uv":[6.625,0,7.125,1],"texture":"#0"},"up":{"uv":[7.125,1,6.625,0],"texture":"#0"},"down":{"uv":[7.125,0,6.625,1],"texture":"#0"}}},{"name":"sidepockets","from":[2.5,5.5,7.5],"to":[3,6,10],"rotation":{"angle":0,"axis":"y","origin":[8,0,9]},"faces":{"north":{"uv":[6.625,0,7.125,1],"texture":"#0"},"east":{"uv":[6.625,0,7.125,1],"texture":"#0"},"south":{"uv":[6.625,0,7.125,1],"texture":"#0"},"west":{"uv":[6.625,0,7.125,1],"texture":"#0"},"up":{"uv":[7.125,1,6.625,0],"texture":"#0"},"down":{"uv":[7.125,0,6.625,1],"texture":"#0"}}},{"name":"sidepockets","from":[13,5.5,7.5],"to":[13.5,6,10],"rotation":{"angle":0,"axis":"y","origin":[8,0,9]},"faces":{"north":{"uv":[6.625,0,7.125,1],"texture":"#0"},"east":{"uv":[6.625,0,7.125,1],"texture":"#0"},"south":{"uv":[6.625,0,7.125,1],"texture":"#0"},"west":{"uv":[6.625,0,7.125,1],"texture":"#0"},"up":{"uv":[7.125,1,6.625,0],"texture":"#0"},"down":{"uv":[7.125,0,6.625,1],"texture":"#0"}}},{"name":"sidepockets","from":[12,0,8],"to":[13,6,10],"rotation":{"angle":0,"axis":"y","origin":[8,0,9]},"faces":{"north":{"uv":[7.5,0,8,4],"texture":"#0"},"east":{"uv":[7.125,0,8,4],"texture":"#0"},"south":{"uv":[7.5,0,8,4],"texture":"#0"},"west":{"uv":[7,1,7.125,1.25],"texture":"#0"},"up":{"uv":[4.125,6.75,3.875,6.25],"texture":"#0"},"down":{"uv":[4.125,6.75,3.875,7.25],"texture":"#0"}}},{"name":"sidepockets","from":[12,5.5,10],"to":[13.5,6,10.5],"rotation":{"angle":0,"axis":"y","origin":[8,0,9]},"faces":{"north":{"uv":[6.625,0,7.125,1],"texture":"#0"},"east":{"uv":[6.625,0,7.125,1],"texture":"#0"},"south":{"uv":[6.625,0,7.125,1],"texture":"#0"},"west":{"uv":[6.625,0,7.125,1],"texture":"#0"},"up":{"uv":[7.125,1,6.625,0],"texture":"#0"},"down":{"uv":[7.125,0,6.625,1],"texture":"#0"}}},{"name":"sidepockets","from":[12,5.5,7.5],"to":[13.5,6,8],"rotation":{"angle":0,"axis":"y","origin":[8,0,9]},"faces":{"north":{"uv":[6.625,0,7.125,1],"texture":"#0"},"east":{"uv":[6.625,0,7.125,1],"texture":"#0"},"south":{"uv":[6.625,0,7.125,1],"texture":"#0"},"west":{"uv":[6.625,0,7.125,1],"texture":"#0"},"up":{"uv":[7.125,1,6.625,0],"texture":"#0"},"down":{"uv":[7.125,0,6.625,1],"texture":"#0"}}},{"name":"frontpockets","from":[5,6.5,5.5],"to":[11,9.5,6.5],"rotation":{"angle":0,"axis":"y","origin":[8,0,9]},"faces":{"north":{"uv":[2.625,6.25,3.375,7],"texture":"#0"},"east":{"uv":[0.875,5.75,1,6.5],"texture":"#0"},"south":{"uv":[3.125,5.25,3.875,6],"texture":"#0"},"west":{"uv":[4.125,0.5,4.25,1.25],"texture":"#0"},"up":{"uv":[4.375,3.75,3.625,3.5],"texture":"#0"},"down":{"uv":[4.375,6,3.625,6.25],"texture":"#0"}}},{"name":"frontpockets","from":[4.5,1,4.5],"to":[11.5,5,5.5],"rotation":{"angle":0,"axis":"y","origin":[8,0,9]},"faces":{"north":{"uv":[2.75,1.25,3.625,2.25],"texture":"#0"},"east":{"uv":[3.625,7.75,3.75,8.75],"texture":"#0"},"south":{"uv":[0,5.75,0.875,6.75],"texture":"#0"},"west":{"uv":[3.875,7.25,4,8.25],"texture":"#0"},"up":{"uv":[4.5,1.75,3.625,1.5],"texture":"#0"},"down":{"uv":[4.5,1.75,3.625,2],"texture":"#0"}}},{"name":"bottle","from":[3.1,0.1,8.1],"to":[4.9,3.9,9.9],"rotation":{"angle":0,"axis":"y","origin":[8,0,9]},"faces":{"north":{"uv":[4.5,0.5,4.75,1.5],"texture":"#0"},"east":{"uv":[4.75,0.5,5,1.5],"texture":"#0"},"south":{"uv":[5.25,0,5.5,1],"texture":"#0"},"west":{"uv":[5,0,5.25,1],"texture":"#0"},"up":{"uv":[4.75,0,5,0.5],"texture":"#0"},"down":{"uv":[4.5,0,4.75,0.5],"texture":"#0"}}},{"name":"bottle","from":[3.2,2.7,8.2],"to":[4.8,4.3,9.8],"rotation":{"angle":0,"axis":"y","origin":[8,0,9]},"faces":{"north":{"uv":[5.5,0,5.625,0.25],"texture":"#0"},"east":{"uv":[5.5,0,5.625,0.25],"texture":"#0"},"south":{"uv":[5.5,0,5.625,0.25],"texture":"#0"},"west":{"uv":[5.5,0,5.625,0.25],"texture":"#0"},"up":{"uv":[5.5,0,5.625,0.25],"texture":"#0"},"down":{"uv":[5.5,0,5.625,0.25],"texture":"#0"}}},{"name":"bottle","from":[3.45,4.2,8.7],"to":[4.05,4.8,9.3],"rotation":{"angle":0,"axis":"y","origin":[8,0,9]},"faces":{"north":{"uv":[5.5,0,5.625,0.25],"texture":"#0"},"east":{"uv":[5.5,0,5.625,0.25],"texture":"#0"},"south":{"uv":[5.5,0,5.625,0.25],"texture":"#0"},"west":{"uv":[5.5,0,5.625,0.25],"texture":"#0"},"up":{"uv":[5.5,0,5.625,0.25],"texture":"#0"},"down":{"uv":[5.5,0,5.625,0.25],"texture":"#0"}}},{"name":"cat","from":[5,3,4],"to":[6,4,5],"rotation":{"angle":0,"axis":"y","origin":[8,0,9]},"faces":{"north":{"uv":[6.25,4,7.25,6],"texture":"#0"},"east":{"uv":[6.25,4,6.375,4.25],"texture":"#0"},"south":{"uv":[6.25,4,6.375,4.25],"texture":"#0"},"west":{"uv":[6.25,4,6.375,4.25],"texture":"#0"},"up":{"uv":[6.375,4.25,6.25,4],"texture":"#0"},"down":{"uv":[6.375,4,6.25,4.25],"texture":"#0"}}},{"name":"catears3","from":[11.6,10.6,8],"to":[12.6,13.6,9],"rotation":{"angle":0,"axis":"y","origin":[8,0,9]},"faces":{"north":{"uv":[1,8.25,0.875,9.25],"texture":"#0"},"east":{"uv":[1.25,8.25,1.125,9.25],"texture":"#0"},"south":{"uv":[4.25,2,4.125,3],"texture":"#0"},"west":{"uv":[1.125,8.25,1,9.25],"texture":"#0"},"up":{"uv":[4.25,5.5,4.375,5.25],"texture":"#0"},"down":{"uv":[2.75,8.5,2.875,8.75],"texture":"#0"}}},{"name":"catears3","from":[11.1281,9.95,9],"to":[12.1281,12.95,9],"rotation":{"angle":0,"axis":"y","origin":[8,0,9]},"faces":{"north":{"uv":[4,2,3.75,2.75],"texture":"#0"},"east":{"uv":[0,0,0,0.75],"texture":"#0"},"south":{"uv":[4,2.75,3.75,3.5],"texture":"#0"},"west":{"uv":[0,0,0,0.75],"texture":"#0"},"up":{"uv":[0,0,0.25,0],"texture":"#0"},"down":{"uv":[0,0,0.25,0],"texture":"#0"}}},{"name":"catears3","from":[10,10.2,9],"to":[11.2,12.2,9],"rotation":{"angle":0,"axis":"y","origin":[8,0,9]},"faces":{"north":{"uv":[4,2,3.75,2.75],"texture":"#0"},"east":{"uv":[0,0,0,0.75],"texture":"#0"},"south":{"uv":[4,2.75,3.75,3.5],"texture":"#0"},"west":{"uv":[0,0,0,0.75],"texture":"#0"},"up":{"uv":[0,0,0.25,0],"texture":"#0"},"down":{"uv":[0,0,0.25,0],"texture":"#0"}}},{"name":"bone6","from":[10.95,8.9,8],"to":[11.95,10.9,9],"rotation":{"angle":-22.5,"axis":"z","origin":[11.525,9.1,8.5]},"faces":{"north":{"uv":[4,8.25,3.875,8.75],"texture":"#0"},"east":{"uv":[0.125,8.5,0,9],"texture":"#0"},"south":{"uv":[4.25,8.25,4.125,8.75],"texture":"#0"},"west":{"uv":[4.125,8.25,4,8.75],"texture":"#0"},"up":{"uv":[4.25,5.25,4.375,5],"texture":"#0"},"down":{"uv":[2.625,8.5,2.75,8.75],"texture":"#0"}}},{"name":"bone7","from":[9.75,9.6,8],"to":[10.75,14.6,9],"rotation":{"angle":-45,"axis":"z","origin":[10.5,11.9,8.5]},"faces":{"north":{"uv":[1.375,8.25,1.25,9.25],"texture":"#0"},"east":{"uv":[4.25,7.25,4.125,8.25],"texture":"#0"},"south":{"uv":[4.25,6.25,4.125,7.25],"texture":"#0"},"west":{"uv":[4.25,3.75,4.125,4.75],"texture":"#0"},"up":{"uv":[4.25,5.75,4.375,5.5],"texture":"#0"},"down":{"uv":[2.875,8.5,3,8.75],"texture":"#0"}}},{"name":"catears3","from":[3.4,10.6,8],"to":[4.4,13.6,9],"rotation":{"angle":0,"axis":"y","origin":[8,0,9]},"faces":{"north":{"uv":[0.875,8.25,1,9.25],"texture":"#0"},"east":{"uv":[1,8.25,1.125,9.25],"texture":"#0"},"south":{"uv":[4.125,2,4.25,3],"texture":"#0"},"west":{"uv":[1.125,8.25,1.25,9.25],"texture":"#0"},"up":{"uv":[4.375,5.5,4.25,5.25],"texture":"#0"},"down":{"uv":[2.875,8.5,2.75,8.75],"texture":"#0"}}},{"name":"catears3","from":[3.8719,9.95,9],"to":[4.8719,12.95,9],"rotation":{"angle":0,"axis":"y","origin":[8,0,9]},"faces":{"north":{"uv":[3.75,2,4,2.75],"texture":"#0"},"east":{"uv":[0,0,0,0.75],"texture":"#0"},"south":{"uv":[3.75,2.75,4,3.5],"texture":"#0"},"west":{"uv":[0,0,0,0.75],"texture":"#0"},"up":{"uv":[0.25,0,0,0],"texture":"#0"},"down":{"uv":[0.25,0,0,0],"texture":"#0"}}},{"name":"catears3","from":[4.8,10.2,9],"to":[6,12.2,9],"rotation":{"angle":0,"axis":"y","origin":[8,0,9]},"faces":{"north":{"uv":[3.75,2,4,2.75],"texture":"#0"},"east":{"uv":[0,0,0,0.75],"texture":"#0"},"south":{"uv":[3.75,2.75,4,3.5],"texture":"#0"},"west":{"uv":[0,0,0,0.75],"texture":"#0"},"up":{"uv":[0.25,0,0,0],"texture":"#0"},"down":{"uv":[0.25,0,0,0],"texture":"#0"}}},{"name":"bone6","from":[4.05,8.9,8],"to":[5.05,10.9,9],"rotation":{"angle":22.5,"axis":"z","origin":[4.475,9.1,8.5]},"faces":{"north":{"uv":[3.875,8.25,4,8.75],"texture":"#0"},"east":{"uv":[4,8.25,4.125,8.75],"texture":"#0"},"south":{"uv":[4.125,8.25,4.25,8.75],"texture":"#0"},"west":{"uv":[0,8.5,0.125,9],"texture":"#0"},"up":{"uv":[4.375,5.25,4.25,5],"texture":"#0"},"down":{"uv":[2.75,8.5,2.625,8.75],"texture":"#0"}}},{"name":"bone7","from":[5.25,9.6,8],"to":[6.25,14.6,9],"rotation":{"angle":45,"axis":"z","origin":[5.5,11.9,8.5]},"faces":{"north":{"uv":[1.25,8.25,1.375,9.25],"texture":"#0"},"east":{"uv":[4.125,3.75,4.25,4.75],"texture":"#0"},"south":{"uv":[4.125,6.25,4.25,7.25],"texture":"#0"},"west":{"uv":[4.125,7.25,4.25,8.25],"texture":"#0"},"up":{"uv":[4.375,5.75,4.25,5.5],"texture":"#0"},"down":{"uv":[3,8.5,2.875,8.75],"texture":"#0"}}},{"name":"bone3","from":[3.2,6,4.5],"to":[7.2,11,4.5],"rotation":{"angle":-22.5,"axis":"y","origin":[5.2,8.5,4.5]},"faces":{"north":{"uv":[0,3,0.75,4.75],"texture":"#0"},"east":{"uv":[0.875,6.5,1.125,8.25],"texture":"#0"},"south":{"uv":[0.75,3,1.5,4.75],"texture":"#0"},"west":{"uv":[1.125,6.5,1.375,8.25],"texture":"#0"},"up":{"uv":[3.25,4.25,2.5,3.75],"texture":"#0"},"down":{"uv":[4.375,0,3.625,0.5],"texture":"#0"}}},{"name":"bone2","from":[9,6,5],"to":[11,11,5],"rotation":{"angle":22.5,"axis":"y","origin":[10,8.5,5]},"faces":{"north":{"uv":[1.125,4.75,1.5,6.5],"texture":"#0"},"east":{"uv":[0,6.75,0.25,8.5],"texture":"#0"},"south":{"uv":[1.5,5.75,2,7.5],"texture":"#0"},"west":{"uv":[0.25,6.75,0.5,8.5],"texture":"#0"},"up":{"uv":[3.25,2.75,2.75,2.25],"texture":"#0"},"down":{"uv":[4.125,0.5,3.625,1],"texture":"#0"}}},{"name":"cat2","from":[10,3,4],"to":[11,4,5],"rotation":{"angle":0,"axis":"y","origin":[8,0,9]},"faces":{"north":{"uv":[7.25,4,8,5.5],"texture":"#0"},"east":{"uv":[3,8.5,3.125,8.75],"texture":"#0"},"south":{"uv":[3.125,8.5,3.25,8.75],"texture":"#0"},"west":{"uv":[4.25,6.25,4.375,6.5],"texture":"#0"},"up":{"uv":[3.375,8.75,3.25,8.5],"texture":"#0"},"down":{"uv":[4.375,6.5,4.25,6.75],"texture":"#0"}}},{"name":"cat2","from":[10,4,4.1],"to":[10.2,4.2,4.3],"rotation":{"angle":0,"axis":"y","origin":[8,0,9]},"faces":{"north":{"uv":[8,4,7.875,4.25],"texture":"#0"},"east":{"uv":[7.875,4,8,4.25],"texture":"#0"},"south":{"uv":[7.875,4,8,4.25],"texture":"#0"},"west":{"uv":[7.875,4,8,4.25],"texture":"#0"},"up":{"uv":[8,4.25,7.875,4],"texture":"#0"},"down":{"uv":[7.875,4,7.875,4.25],"texture":"#0"}}},{"name":"cat2","from":[11,3.2,4.1],"to":[11.2,3.4,4.3],"rotation":{"angle":0,"axis":"y","origin":[8,0,9]},"faces":{"north":{"uv":[8,4,7.875,4.25],"texture":"#0"},"east":{"uv":[7.875,4,8,4.25],"texture":"#0"},"south":{"uv":[7.875,4,8,4.25],"texture":"#0"},"west":{"uv":[7.875,4,8,4.25],"texture":"#0"},"up":{"uv":[8,4.25,7.875,4],"texture":"#0"},"down":{"uv":[7.875,4,7.875,4.25],"texture":"#0"}}},{"name":"cat2","from":[9.8,3.2,4.1],"to":[10,3.4,4.3],"rotation":{"angle":0,"axis":"y","origin":[8,0,9]},"faces":{"north":{"uv":[8,4,7.875,4.25],"texture":"#0"},"east":{"uv":[7.875,4,8,4.25],"texture":"#0"},"south":{"uv":[7.875,4,8,4.25],"texture":"#0"},"west":{"uv":[7.875,4,8,4.25],"texture":"#0"},"up":{"uv":[8,4.25,7.875,4],"texture":"#0"},"down":{"uv":[7.875,4,7.875,4.25],"texture":"#0"}}},{"name":"cat2","from":[10.8,4,4.1],"to":[11,4.2,4.3],"rotation":{"angle":0,"axis":"y","origin":[8,0,9]},"faces":{"north":{"uv":[7.875,4,8,4.25],"texture":"#0"},"east":{"uv":[7.875,4,8,4.25],"texture":"#0"},"south":{"uv":[7.875,4,8,4.25],"texture":"#0"},"west":{"uv":[7.875,4,8,4.25],"texture":"#0"},"up":{"uv":[8,4.25,7.875,4],"texture":"#0"},"down":{"uv":[7.875,4,7.875,4.25],"texture":"#0"}}},{"name":"cat2","from":[10.1,3.1,3.95],"to":[10.3,3.3,4.15],"rotation":{"angle":0,"axis":"y","origin":[8,0,9]},"faces":{"north":{"uv":[0,3.25,0.5,4.5],"texture":"#0"},"east":{"uv":[7,1,7.125,1.25],"texture":"#0"},"south":{"uv":[7,1,7.125,1.25],"texture":"#0"},"west":{"uv":[7,1,7.125,1.25],"texture":"#0"},"up":{"uv":[7,1.25,7.125,1],"texture":"#0"},"down":{"uv":[7.125,1,7,1.25],"texture":"#0"}}},{"name":"cat2","from":[10.7,3.1,3.95],"to":[10.9,3.3,4.15],"rotation":{"angle":0,"axis":"y","origin":[8,0,9]},"faces":{"north":{"uv":[0.5,3.25,0,4.5],"texture":"#0"},"east":{"uv":[7,1,7.125,1.25],"texture":"#0"},"south":{"uv":[7,1,7.125,1.25],"texture":"#0"},"west":{"uv":[7,1,7.125,1.25],"texture":"#0"},"up":{"uv":[7,1.25,7.125,1],"texture":"#0"},"down":{"uv":[7.125,1,7,1.25],"texture":"#0"}}},{"name":"head","from":[7,11,6],"to":[9,13,8],"rotation":{"angle":0,"axis":"y","origin":[8,0,9]},"faces":{"north":{"uv":[0,9.25,0.75,10.75],"texture":"#0"},"east":{"uv":[3.75,9.25,4.5,10.75],"texture":"#0"},"south":{"uv":[3,9.25,3.75,10.75],"texture":"#0"},"west":{"uv":[2.25,9.25,3,10.75],"texture":"#0"},"up":{"uv":[1.5,9.25,2.25,10.75],"texture":"#0"},"down":{"uv":[0.75,9.25,1.5,10.75],"texture":"#0"}}},{"name":"head","from":[7.5,11,5.5],"to":[8.5,11.75,6.25],"rotation":{"angle":0,"axis":"y","origin":[8,0,9]},"faces":{"north":{"uv":[4.5,9.25,4.875,9.6875],"texture":"#0"},"east":{"uv":[4.875,10.25,5.25,10.6875],"texture":"#0"},"south":{"uv":[4.875,9.75,5.25,10.1875],"texture":"#0"},"west":{"uv":[4.875,9.25,5.25,9.6875],"texture":"#0"},"up":{"uv":[4.5,10.25,4.875,10.75],"texture":"#0"},"down":{"uv":[4.5,9.75,4.875,10.25],"texture":"#0"}}},{"name":"head","from":[7.85,11.5,5.45],"to":[8.15,11.8,5.75],"rotation":{"angle":0,"axis":"y","origin":[8,0,9]},"faces":{"north":{"uv":[5.25,8.75,5.375,8.9375],"texture":"#0"},"east":{"uv":[5.25,8.75,5.375,8.9375],"texture":"#0"},"south":{"uv":[5.25,8.75,5.375,8.9375],"texture":"#0"},"west":{"uv":[5.25,8.75,5.375,8.9375],"texture":"#0"},"up":{"uv":[5.25,8.75,5.375,9],"texture":"#0"},"down":{"uv":[5.25,8.75,5.375,9],"texture":"#0"}}},{"name":"head","from":[8.35,11.85,5.85],"to":[8.65,12.15,6.15],"rotation":{"angle":0,"axis":"y","origin":[8,0,9]},"faces":{"north":{"uv":[5.375,8.75,5.5,8.9375],"texture":"#0"},"east":{"uv":[5.375,8.75,5.5,8.9375],"texture":"#0"},"south":{"uv":[5.375,8.75,5.5,8.9375],"texture":"#0"},"west":{"uv":[5.375,8.75,5.5,8.9375],"texture":"#0"},"up":{"uv":[5.5,8.75,5.375,9],"texture":"#0"},"down":{"uv":[5.375,8.75,5.5,9],"texture":"#0"}}},{"name":"head","from":[7.35,11.85,5.85],"to":[7.65,12.15,6.15],"rotation":{"angle":0,"axis":"y","origin":[8,0,9]},"faces":{"north":{"uv":[5.375,8.75,5.5,8.9375],"texture":"#0"},"east":{"uv":[5.375,8.75,5.5,8.9375],"texture":"#0"},"south":{"uv":[5.375,8.75,5.5,8.9375],"texture":"#0"},"west":{"uv":[5.375,8.75,5.5,8.9375],"texture":"#0"},"up":{"uv":[5.5,8.75,5.375,9],"texture":"#0"},"down":{"uv":[5.375,8.75,5.5,9],"texture":"#0"}}},{"name":"bone9","from":[7.45,12.55,6.25],"to":[7.95,13.05,6.75],"rotation":{"angle":-45,"axis":"z","origin":[7.75,13.2,6.5]},"faces":{"north":{"uv":[0.125,10.75,0.25,11],"texture":"#0"},"east":{"uv":[0,10.75,0.125,11],"texture":"#0"},"south":{"uv":[0,10.75,0.125,11],"texture":"#0"},"west":{"uv":[0,10.75,0.125,11],"texture":"#0"},"up":{"uv":[0,10.75,0.125,11],"texture":"#0"},"down":{"uv":[0,10.75,0.125,11],"texture":"#0"}}},{"name":"bone10","from":[8.45,12.65,6.25],"to":[8.95,13.15,6.75],"rotation":{"angle":-45,"axis":"z","origin":[8.7,13.1,6.5]},"faces":{"north":{"uv":[0.125,10.75,0.25,11],"texture":"#0"},"east":{"uv":[0,10.75,0.125,11],"texture":"#0"},"south":{"uv":[0,10.75,0.125,11],"texture":"#0"},"west":{"uv":[0,10.75,0.125,11],"texture":"#0"},"up":{"uv":[0,10.75,0.125,11],"texture":"#0"},"down":{"uv":[0,10.75,0.125,11],"texture":"#0"}}},{"name":"body","from":[7,10.75,8],"to":[9,12.75,11],"rotation":{"angle":0,"axis":"y","origin":[8,0,9]},"faces":{"north":{"uv":[1.875,10.75,2.125,11.25],"texture":"#0"},"east":{"uv":[1.5,10.75,1.875,11.25],"texture":"#0"},"south":{"uv":[1.25,10.75,1.5,11.25],"texture":"#0"},"west":{"uv":[0.375,10.75,0.75,11.25],"texture":"#0"},"up":{"uv":[1,10.75,1.25,11.5],"texture":"#0"},"down":{"uv":[0.75,10.75,1,11.5],"texture":"#0"}}},{"name":"body","from":[6.7,11,7.6],"to":[7.5,11.8,8.4],"rotation":{"angle":0,"axis":"y","origin":[8,0,9]},"faces":{"north":{"uv":[0.25,10.25,0.375,10.5],"texture":"#0"},"east":{"uv":[0.25,10.25,0.375,10.5],"texture":"#0"},"south":{"uv":[0.25,10.25,0.375,10.5],"texture":"#0"},"west":{"uv":[0.25,10.25,0.375,10.5],"texture":"#0"},"up":{"uv":[0.25,10.25,0.375,10.5],"texture":"#0"},"down":{"uv":[0.25,10.25,0.375,10.5],"texture":"#0"}}},{"name":"body","from":[8.5,11,7.6],"to":[9.3,11.8,8.4],"rotation":{"angle":0,"axis":"y","origin":[8,0,9]},"faces":{"north":{"uv":[0.25,10.25,0.375,10.5],"texture":"#0"},"east":{"uv":[0.25,10.25,0.375,10.5],"texture":"#0"},"south":{"uv":[0.25,10.25,0.375,10.5],"texture":"#0"},"west":{"uv":[0.25,10.25,0.375,10.5],"texture":"#0"},"up":{"uv":[0.25,10.25,0.375,10.5],"texture":"#0"},"down":{"uv":[0.25,10.25,0.375,10.5],"texture":"#0"}}},{"name":"leg","from":[8.2,10.4,10.6],"to":[9,11.2,11.4],"rotation":{"angle":-45,"axis":"x","origin":[8.6,10.8,11]},"faces":{"north":{"uv":[2.125,10.75,2.25,11],"texture":"#0"},"east":{"uv":[2.125,10.75,2.25,11],"texture":"#0"},"south":{"uv":[2.125,10.75,2.25,11],"texture":"#0"},"west":{"uv":[2.125,10.75,2.25,11],"texture":"#0"},"up":{"uv":[2.125,10.75,2.25,11],"texture":"#0"},"down":{"uv":[2.125,10.75,2.25,11],"texture":"#0"}}},{"name":"leg","from":[7,10.4,10.6],"to":[7.8,11.2,11.4],"rotation":{"angle":-45,"axis":"x","origin":[7.4,10.8,11]},"faces":{"north":{"uv":[2.125,10.75,2.25,11],"texture":"#0"},"east":{"uv":[2.125,10.75,2.25,11],"texture":"#0"},"south":{"uv":[2.125,10.75,2.25,11],"texture":"#0"},"west":{"uv":[2.125,10.75,2.25,11],"texture":"#0"},"up":{"uv":[2.125,10.75,2.25,11],"texture":"#0"},"down":{"uv":[2.125,10.75,2.25,11],"texture":"#0"}}},{"name":"tail","from":[7.75,11.25,10.75],"to":[8.25,11.75,12.25],"rotation":{"angle":22.5,"axis":"x","origin":[8,11.5,11.5]},"faces":{"north":{"uv":[2.125,10.75,2.25,11],"texture":"#0"},"east":{"uv":[2.125,10.75,2.25,11],"texture":"#0"},"south":{"uv":[2.125,10.75,2.25,11],"texture":"#0"},"west":{"uv":[2.125,10.75,2.25,11],"texture":"#0"},"up":{"uv":[2.125,10.75,2.25,11],"texture":"#0"},"down":{"uv":[2.125,10.75,2.25,11],"texture":"#0"}}},{"name":"panda","from":[8.5,2.5,4],"to":[9.5,3.5,5],"rotation":{"angle":0,"axis":"y","origin":[8,0,9]},"faces":{"north":{"uv":[6.25,6,7.25,8],"texture":"#0"},"east":{"uv":[6.25,6,6.375,6.25],"texture":"#0"},"south":{"uv":[6.25,6,6.375,6.25],"texture":"#0"},"west":{"uv":[6.25,6,6.375,6.25],"texture":"#0"},"up":{"uv":[6.375,6.25,6.25,6],"texture":"#0"},"down":{"uv":[6.375,6,6.25,6.25],"texture":"#0"}}},{"name":"panda","from":[10.5,10.5,8],"to":[12.5,12.5,9],"rotation":{"angle":0,"axis":"y","origin":[8,0,9]},"faces":{"north":{"uv":[6.375,0.25,6.625,0.75],"texture":"#0"},"east":{"uv":[6.25,0,6.375,0.25],"texture":"#0"},"south":{"uv":[6.25,0,6.375,0.25],"texture":"#0"},"west":{"uv":[6.25,0,6.375,0.25],"texture":"#0"},"up":{"uv":[6.25,0,6.375,0.25],"texture":"#0"},"down":{"uv":[6.25,0,6.375,0.25],"texture":"#0"}}},{"name":"panda","from":[3.5,10.5,8],"to":[5.5,12.5,9],"rotation":{"angle":0,"axis":"y","origin":[8,0,9]},"faces":{"north":{"uv":[6.625,0.25,6.375,0.75],"texture":"#0"},"east":{"uv":[6.25,0,6.375,0.25],"texture":"#0"},"south":{"uv":[6.25,0,6.375,0.25],"texture":"#0"},"west":{"uv":[6.25,0,6.375,0.25],"texture":"#0"},"up":{"uv":[6.25,0,6.375,0.25],"texture":"#0"},"down":{"uv":[6.25,0,6.375,0.25],"texture":"#0"}}},{"name":"fox","from":[1,7,7],"to":[4,10,7],"rotation":{"angle":0,"axis":"y","origin":[8,0,9]},"faces":{"north":{"uv":[6.25,14.5,7,16],"texture":"#0"},"east":{"uv":[7,15.75,7.125,16],"texture":"#0"},"south":{"uv":[7,16,7.125,15.75],"texture":"#0"},"west":{"uv":[7,15.75,7.125,16],"texture":"#0"},"up":{"uv":[7.125,16,7,15.75],"texture":"#0"},"down":{"uv":[7,16,7.125,15.75],"texture":"#0"}}},{"name":"fox","from":[12,7,7],"to":[15,10,7],"rotation":{"angle":0,"axis":"y","origin":[8,0,9]},"faces":{"north":{"uv":[7,14.5,6.25,16],"texture":"#0"},"east":{"uv":[7,15.75,7.125,16],"texture":"#0"},"south":{"uv":[7,16,7.125,15.75],"texture":"#0"},"west":{"uv":[7,15.75,7.125,16],"texture":"#0"},"up":{"uv":[7.125,16,7,15.75],"texture":"#0"},"down":{"uv":[7,16,7.125,15.75],"texture":"#0"}}},{"name":"frog","from":[3,0,6],"to":[4,1,8],"rotation":{"angle":0,"axis":"y","origin":[8,0,9]},"faces":{"north":{"uv":[7,9,7.125,9.5],"texture":"#0"},"east":{"uv":[7,9,7.25,9.5],"texture":"#0"},"south":{"uv":[7,9,7.125,9.5],"texture":"#0"},"west":{"uv":[7,9.25,7.25,9.5],"texture":"#0"},"up":{"uv":[7.125,9,7.25,9.5],"texture":"#0"},"down":{"uv":[7.125,9,7.25,9.5],"texture":"#0"}}},{"name":"frog","from":[12,0,6],"to":[13,1,8],"rotation":{"angle":0,"axis":"y","origin":[8,0,9]},"faces":{"north":{"uv":[7,9,7.125,9.5],"texture":"#0"},"east":{"uv":[7,9,7.25,9.5],"texture":"#0"},"south":{"uv":[7,9,7.125,9.5],"texture":"#0"},"west":{"uv":[7,9.25,7.25,9.5],"texture":"#0"},"up":{"uv":[7.125,9,7.25,9.5],"texture":"#0"},"down":{"uv":[7.125,9,7.25,9.5],"texture":"#0"}}},{"name":"frog","from":[3,1,7],"to":[4,2,8],"rotation":{"angle":0,"axis":"y","origin":[8,0,9]},"faces":{"north":{"uv":[7.125,9.25,7.25,9.5],"texture":"#0"},"east":{"uv":[7.125,9.25,7.25,9.5],"texture":"#0"},"south":{"uv":[7.125,9.25,7.25,9.5],"texture":"#0"},"west":{"uv":[7.125,9.25,7.25,9.5],"texture":"#0"},"up":{"uv":[7.125,9.25,7.25,9.5],"texture":"#0"},"down":{"uv":[7.125,9.25,7.25,9.5],"texture":"#0"}}},{"name":"frog","from":[12,1,7],"to":[13,2,8],"rotation":{"angle":0,"axis":"y","origin":[8,0,9]},"faces":{"north":{"uv":[7.125,9.25,7.25,9.5],"texture":"#0"},"east":{"uv":[7.125,9.25,7.25,9.5],"texture":"#0"},"south":{"uv":[7.125,9.25,7.25,9.5],"texture":"#0"},"west":{"uv":[7.125,9.25,7.25,9.5],"texture":"#0"},"up":{"uv":[7.125,9.25,7.25,9.5],"texture":"#0"},"down":{"uv":[7.125,9.25,7.25,9.5],"texture":"#0"}}},{"name":"bee","from":[1,7,10],"to":[4,10,10],"rotation":{"angle":22.5,"axis":"y","origin":[2.5,8.5,10]},"faces":{"north":{"uv":[7.25,14.5,8,16],"texture":"#0"},"east":{"uv":[7,15.75,7.125,16],"texture":"#0"},"south":{"uv":[7,16,7.125,15.75],"texture":"#0"},"west":{"uv":[7,15.75,7.125,16],"texture":"#0"},"up":{"uv":[7.125,16,7,15.75],"texture":"#0"},"down":{"uv":[7,16,7.125,15.75],"texture":"#0"}}},{"name":"bee","from":[12,7,10],"to":[15,10,10],"rotation":{"angle":-22.5,"axis":"y","origin":[13.5,8.5,10]},"faces":{"north":{"uv":[8,14.5,7.25,16],"texture":"#0"},"east":{"uv":[7.125,16,7,15.75],"texture":"#0"},"south":{"uv":[7.125,16,7,15.75],"texture":"#0"},"west":{"uv":[7.125,16,7,15.75],"texture":"#0"},"up":{"uv":[7.125,16,7,15.75],"texture":"#0"},"down":{"uv":[7.125,16,7,15.75],"texture":"#0"}}},{"name":"bear","from":[7.7,7.2,5.2],"to":[8.3,7.8,5.8],"rotation":{"angle":0,"axis":"y","origin":[8,0,9]},"faces":{"north":{"uv":[7.125,15.75,7.25,16],"texture":"#0"},"east":{"uv":[7.125,15.75,7.25,16],"texture":"#0"},"south":{"uv":[7.125,15.75,7.25,16],"texture":"#0"},"west":{"uv":[7.125,15.75,7.25,16],"texture":"#0"},"up":{"uv":[7.125,15.75,7.25,16],"texture":"#0"},"down":{"uv":[7.125,15.75,7.25,16],"texture":"#0"}}},{"from":[2,5,6.5],"to":[14,12,6.5],"faces":{"north":{"uv":[0,14.25,1.5,16],"texture":"#0"},"east":{"uv":[1.5,15.75,1.625,16],"texture":"#0"},"south":{"uv":[1.5,15.75,1.625,16],"texture":"#0"},"west":{"uv":[1.5,15.75,1.625,16],"texture":"#0"},"up":{"uv":[1.5,16,1.625,15.75],"texture":"#0"},"down":{"uv":[1.5,15.75,1.625,16],"texture":"#0"}}},{"name":"pig","from":[7,6.75,5],"to":[9,7.75,6],"rotation":{"angle":0,"axis":"y","origin":[8,0,9]},"faces":{"north":{"uv":[5.75,15.5,6.125,16],"texture":"#0"},"east":{"uv":[5.625,15.75,5.625,16],"texture":"#0"},"south":{"uv":[5.625,15.75,5.75,16],"texture":"#0"},"west":{"uv":[5.625,15.75,5.75,16],"texture":"#0"},"up":{"uv":[5.625,15.75,5.75,16],"texture":"#0"},"down":{"uv":[5.625,15.75,5.75,16],"texture":"#0"}}},{"name":"pig","from":[7.5,0,11],"to":[8.5,1,12],"rotation":{"angle":0,"axis":"y","origin":[8,0,9]},"faces":{"north":{"uv":[4.875,15.75,5,16],"texture":"#0"},"east":{"uv":[4.875,15.75,5,16],"texture":"#0"},"south":{"uv":[4.875,15.75,5,16],"texture":"#0"},"west":{"uv":[4.875,15.75,5,16],"texture":"#0"},"up":{"uv":[4.875,15.75,5,16],"texture":"#0"},"down":{"uv":[4.875,15.75,5,16],"texture":"#0"}}},{"name":"pig","from":[7.5,1,12],"to":[9.5,2,13],"rotation":{"angle":0,"axis":"y","origin":[8,0,9]},"faces":{"north":{"uv":[5.375,15.5,5.625,15.75],"texture":"#0"},"east":{"uv":[5,15.5,5.125,15.75],"texture":"#0"},"south":{"uv":[5.375,15.75,5.625,16],"texture":"#0"},"west":{"uv":[5,15.75,5.125,16],"texture":"#0"},"up":{"uv":[5.125,15.75,5.375,16],"texture":"#0"},"down":{"uv":[5.125,15.5,5.375,15.75],"texture":"#0"}}},{"name":"normal","from":[10,3,4],"to":[11,4,5],"rotation":{"angle":0,"axis":"y","origin":[8,0,9]},"faces":{"north":{"uv":[7.25,8,8,9.5],"texture":"#0"},"east":{"uv":[7.875,8,8,8.25],"texture":"#0"},"south":{"uv":[7.875,8,8,8.25],"texture":"#0"},"west":{"uv":[7.875,8,8,8.25],"texture":"#0"},"up":{"uv":[8,8.25,7.875,8],"texture":"#0"},"down":{"uv":[7.875,8,7.875,8.25],"texture":"#0"}}},{"name":"penguin","from":[4.5,0,4],"to":[6.5,1,5],"rotation":{"angle":0,"axis":"y","origin":[8,0,9]},"faces":{"north":{"uv":[4.75,15.75,4.875,16],"texture":"#0"},"east":{"uv":[4.75,15.75,4.875,16],"texture":"#0"},"south":{"uv":[4.75,15.75,4.875,16],"texture":"#0"},"west":{"uv":[4.75,15.75,4.875,16],"texture":"#0"},"up":{"uv":[4.75,15.75,4.875,16],"texture":"#0"},"down":{"uv":[4.75,15.75,4.875,16],"texture":"#0"}}},{"name":"penguin","from":[9.5,0,4],"to":[11.5,1,5],"rotation":{"angle":0,"axis":"y","origin":[8,0,9]},"faces":{"north":{"uv":[4.75,15.75,4.875,16],"texture":"#0"},"east":{"uv":[4.75,15.75,4.875,16],"texture":"#0"},"south":{"uv":[4.75,15.75,4.875,16],"texture":"#0"},"west":{"uv":[4.75,15.75,4.875,16],"texture":"#0"},"up":{"uv":[4.75,15.75,4.875,16],"texture":"#0"},"down":{"uv":[4.75,15.75,4.875,16],"texture":"#0"}}}]}