{"providers":[{"type":"space","advances":{"":-8}},{"file":"vzbackpack:item/backpackgui.png","chars":[""],"height":256,"ascent":27,"type":"bitmap"},{"file":"vzbackpack:item/trashgui.png","chars":[""],"height":256,"ascent":27,"type":"bitmap"},{"file":"vzbackpack:item/backpackgui_black.png","chars":[""],"height":256,"ascent":27,"type":"bitmap"},{"file":"vzbackpack:item/backpackgui_blue.png","chars":[""],"height":256,"ascent":27,"type":"bitmap"},{"file":"vzbackpack:item/backpackgui_brown.png","chars":[""],"height":256,"ascent":27,"type":"bitmap"},{"file":"vzbackpack:item/backpackgui_cyan.png","chars":[""],"height":256,"ascent":27,"type":"bitmap"},{"file":"vzbackpack:item/backpackgui_gray.png","chars":[""],"height":256,"ascent":27,"type":"bitmap"},{"file":"vzbackpack:item/backpackgui_green.png","chars":[""],"height":256,"ascent":27,"type":"bitmap"},{"file":"vzbackpack:item/backpackgui_lightblue.png","chars":[""],"height":256,"ascent":27,"type":"bitmap"},{"file":"vzbackpack:item/backpackgui_lightgray.png","chars":[""],"height":256,"ascent":27,"type":"bitmap"},{"file":"vzbackpack:item/backpackgui_lime.png","chars":[""],"height":256,"ascent":27,"type":"bitmap"},{"file":"vzbackpack:item/backpackgui_magenta.png","chars":[""],"height":256,"ascent":27,"type":"bitmap"},{"file":"vzbackpack:item/backpackgui_orange.png","chars":[""],"height":256,"ascent":27,"type":"bitmap"},{"file":"vzbackpack:item/backpackgui_pink.png","chars":[""],"height":256,"ascent":27,"type":"bitmap"},{"file":"vzbackpack:item/backpackgui_purple.png","chars":[""],"height":256,"ascent":27,"type":"bitmap"},{"file":"vzbackpack:item/backpackgui_red.png","chars":[""],"height":256,"ascent":27,"type":"bitmap"},{"file":"vzbackpack:item/backpackgui_white.png","chars":[""],"height":256,"ascent":27,"type":"bitmap"},{"file":"vzbackpack:item/backpackgui_yellow.png","chars":[""],"height":256,"ascent":27,"type":"bitmap"},{"type":"ttf","file":"vzbackpack:korean.ttf","shift":[-147,217],"size":9.0,"oversample":6.0}]}