{"providers":[{"type":"space","advances":{"":-227}},{"type":"ttf","file":"vzbackpack:korean.ttf","shift":[0,1],"size":9.0,"oversample":6.0},{"type":"bitmap","file":"vzbackpack:font/flag_de.png","ascent":8,"chars":[""]},{"type":"bitmap","file":"vzbackpack:font/flag_en.png","ascent":8,"chars":[""]},{"type":"bitmap","file":"vzbackpack:font/flag_zh_tw.png","ascent":8,"chars":[""]},{"type":"bitmap","file":"vzbackpack:font/flag_ko_kr.png","ascent":8,"chars":[""]},{"type":"bitmap","file":"vzbackpack:font/flag_sk.png","ascent":8,"chars":[""]},{"type":"bitmap","file":"vzbackpack:font/flag_cs_cz.png","ascent":8,"chars":[""]}]}