{"providers":[{"type":"space","advances":{"":-128}},{"type":"ttf","file":"vzbackpack:chinese2.ttf","shift":[0,1],"size":11.0,"oversample":6.0},{"file":"vzbackpack:item/level1.png","chars":[""],"height":15,"ascent":13,"type":"bitmap"},{"type":"bitmap","file":"vzbackpack:font/flag_de.png","ascent":8,"chars":[""]},{"type":"bitmap","file":"vzbackpack:font/flag_en.png","ascent":8,"chars":[""]},{"type":"bitmap","file":"vzbackpack:font/flag_zh_tw.png","ascent":8,"chars":[""]},{"type":"bitmap","file":"vzbackpack:font/flag_ko_kr.png","ascent":8,"chars":[""]},{"type":"bitmap","file":"vzbackpack:font/flag_sk.png","ascent":8,"chars":[""]},{"type":"bitmap","file":"vzbackpack:font/flag_cs_cz.png","ascent":8,"chars":[""]}]}