{"model":{"type":"range_dispatch","property":"custom_model_data","fallback":{"type":"model","model":"item/candle"},"entries":[{"threshold":1,"model":{"type":"model","model":"item/black_backpack_left"}},{"threshold":101,"model":{"type":"model","model":"item/black_backpack_right"}},{"threshold":102,"model":{"type":"model","model":"item/black_backpack"}},{"threshold":103,"model":{"type":"model","model":"item/black_backpack_none"}},{"threshold":2,"model":{"type":"model","model":"item/blue_backpack_left"}},{"threshold":201,"model":{"type":"model","model":"item/blue_backpack_right"}},{"threshold":202,"model":{"type":"model","model":"item/blue_backpack"}},{"threshold":203,"model":{"type":"model","model":"item/blue_backpack_none"}},{"threshold":3,"model":{"type":"model","model":"item/brown_backpack_left"}},{"threshold":301,"model":{"type":"model","model":"item/brown_backpack_right"}},{"threshold":302,"model":{"type":"model","model":"item/brown_backpack"}},{"threshold":303,"model":{"type":"model","model":"item/brown_backpack_none"}},{"threshold":4,"model":{"type":"model","model":"item/cyan_backpack_left"}},{"threshold":401,"model":{"type":"model","model":"item/cyan_backpack_right"}},{"threshold":402,"model":{"type":"model","model":"item/cyan_backpack"}},{"threshold":403,"model":{"type":"model","model":"item/cyan_backpack_none"}},{"threshold":5,"model":{"type":"model","model":"item/gray_backpack_left"}},{"threshold":501,"model":{"type":"model","model":"item/gray_backpack_right"}},{"threshold":502,"model":{"type":"model","model":"item/gray_backpack"}},{"threshold":503,"model":{"type":"model","model":"item/gray_backpack_none"}},{"threshold":6,"model":{"type":"model","model":"item/green_backpack_left"}},{"threshold":601,"model":{"type":"model","model":"item/green_backpack_right"}},{"threshold":602,"model":{"type":"model","model":"item/green_backpack"}},{"threshold":603,"model":{"type":"model","model":"item/green_backpack_none"}},{"threshold":7,"model":{"type":"model","model":"item/light_blue_backpack_left"}},{"threshold":701,"model":{"type":"model","model":"item/light_blue_backpack_right"}},{"threshold":702,"model":{"type":"model","model":"item/light_blue_backpack"}},{"threshold":703,"model":{"type":"model","model":"item/light_blue_backpack_none"}},{"threshold":8,"model":{"type":"model","model":"item/light_gray_backpack_left"}},{"threshold":801,"model":{"type":"model","model":"item/light_gray_backpack_right"}},{"threshold":802,"model":{"type":"model","model":"item/light_gray_backpack"}},{"threshold":803,"model":{"type":"model","model":"item/light_gray_backpack_none"}},{"threshold":9,"model":{"type":"model","model":"item/lime_backpack_left"}},{"threshold":901,"model":{"type":"model","model":"item/lime_backpack_right"}},{"threshold":902,"model":{"type":"model","model":"item/lime_backpack"}},{"threshold":903,"model":{"type":"model","model":"item/lime_backpack_none"}},{"threshold":10,"model":{"type":"model","model":"item/magenta_backpack_left"}},{"threshold":1001,"model":{"type":"model","model":"item/magenta_backpack_right"}},{"threshold":1002,"model":{"type":"model","model":"item/magenta_backpack"}},{"threshold":1003,"model":{"type":"model","model":"item/magenta_backpack_none"}},{"threshold":11,"model":{"type":"model","model":"item/orange_backpack_left"}},{"threshold":1101,"model":{"type":"model","model":"item/orange_backpack_right"}},{"threshold":1102,"model":{"type":"model","model":"item/orange_backpack"}},{"threshold":1103,"model":{"type":"model","model":"item/orange_backpack_none"}},{"threshold":12,"model":{"type":"model","model":"item/pink_backpack_left"}},{"threshold":1201,"model":{"type":"model","model":"item/pink_backpack_right"}},{"threshold":1202,"model":{"type":"model","model":"item/pink_backpack"}},{"threshold":1203,"model":{"type":"model","model":"item/pink_backpack_none"}},{"threshold":13,"model":{"type":"model","model":"item/purple_backpack_left"}},{"threshold":1301,"model":{"type":"model","model":"item/purple_backpack_right"}},{"threshold":1302,"model":{"type":"model","model":"item/purple_backpack"}},{"threshold":1303,"model":{"type":"model","model":"item/purple_backpack_none"}},{"threshold":14,"model":{"type":"model","model":"item/red_backpack_left"}},{"threshold":1401,"model":{"type":"model","model":"item/red_backpack_right"}},{"threshold":1402,"model":{"type":"model","model":"item/red_backpack"}},{"threshold":1403,"model":{"type":"model","model":"item/red_backpack_none"}},{"threshold":15,"model":{"type":"model","model":"item/white_backpack_left"}},{"threshold":1501,"model":{"type":"model","model":"item/white_backpack_right"}},{"threshold":1502,"model":{"type":"model","model":"item/white_backpack"}},{"threshold":1503,"model":{"type":"model","model":"item/white_backpack_none"}},{"threshold":16,"model":{"type":"model","model":"item/yellow_backpack_left"}},{"threshold":1601,"model":{"type":"model","model":"item/yellow_backpack_right"}},{"threshold":1602,"model":{"type":"model","model":"item/yellow_backpack"}},{"threshold":1603,"model":{"type":"model","model":"item/yellow_backpack_none"}}]},"oversized_in_gui":true}