{"model":{"type":"range_dispatch","property":"custom_model_data","fallback":{"type":"model","model":"block/poppy"},"entries":[{"threshold":100,"model":{"type":"model","model":"item/icon/plugin"}},{"threshold":10000000,"model":{"type":"model","model":"item/icon/border"}},{"threshold":800,"model":{"type":"model","model":"item/icon/menu_black"}},{"threshold":801,"model":{"type":"model","model":"item/icon/menu_blue"}},{"threshold":802,"model":{"type":"model","model":"item/icon/menu_brown"}},{"threshold":803,"model":{"type":"model","model":"item/icon/menu_cyan"}},{"threshold":804,"model":{"type":"model","model":"item/icon/menu_gray"}},{"threshold":805,"model":{"type":"model","model":"item/icon/menu_green"}},{"threshold":806,"model":{"type":"model","model":"item/icon/menu_lightblue"}},{"threshold":807,"model":{"type":"model","model":"item/icon/menu_lightgray"}},{"threshold":808,"model":{"type":"model","model":"item/icon/menu_lime"}},{"threshold":809,"model":{"type":"model","model":"item/icon/menu_magenta"}},{"threshold":810,"model":{"type":"model","model":"item/icon/menu_orange"}},{"threshold":811,"model":{"type":"model","model":"item/icon/menu_pink"}},{"threshold":812,"model":{"type":"model","model":"item/icon/menu_purple"}},{"threshold":813,"model":{"type":"model","model":"item/icon/menu_red"}},{"threshold":814,"model":{"type":"model","model":"item/icon/menu_white"}},{"threshold":815,"model":{"type":"model","model":"item/icon/menu_yellow"}},{"threshold":1800,"model":{"type":"model","model":"item/icon/up_black"}},{"threshold":1801,"model":{"type":"model","model":"item/icon/up_blue"}},{"threshold":1802,"model":{"type":"model","model":"item/icon/up_brown"}},{"threshold":1803,"model":{"type":"model","model":"item/icon/up_cyan"}},{"threshold":1804,"model":{"type":"model","model":"item/icon/up_gray"}},{"threshold":1805,"model":{"type":"model","model":"item/icon/up_green"}},{"threshold":1806,"model":{"type":"model","model":"item/icon/up_lightblue"}},{"threshold":1807,"model":{"type":"model","model":"item/icon/up_lightgray"}},{"threshold":1808,"model":{"type":"model","model":"item/icon/up_lime"}},{"threshold":1809,"model":{"type":"model","model":"item/icon/up_magenta"}},{"threshold":1810,"model":{"type":"model","model":"item/icon/up_orange"}},{"threshold":1811,"model":{"type":"model","model":"item/icon/up_pink"}},{"threshold":1812,"model":{"type":"model","model":"item/icon/up_purple"}},{"threshold":1813,"model":{"type":"model","model":"item/icon/up_red"}},{"threshold":1814,"model":{"type":"model","model":"item/icon/up_white"}},{"threshold":1815,"model":{"type":"model","model":"item/icon/up_yellow"}},{"threshold":1850,"model":{"type":"model","model":"item/icon/down_black"}},{"threshold":1851,"model":{"type":"model","model":"item/icon/down_blue"}},{"threshold":1852,"model":{"type":"model","model":"item/icon/down_brown"}},{"threshold":1853,"model":{"type":"model","model":"item/icon/down_cyan"}},{"threshold":1854,"model":{"type":"model","model":"item/icon/down_gray"}},{"threshold":1855,"model":{"type":"model","model":"item/icon/down_green"}},{"threshold":1856,"model":{"type":"model","model":"item/icon/down_lightblue"}},{"threshold":1857,"model":{"type":"model","model":"item/icon/down_lightgray"}},{"threshold":1858,"model":{"type":"model","model":"item/icon/down_lime"}},{"threshold":1859,"model":{"type":"model","model":"item/icon/down_magenta"}},{"threshold":1860,"model":{"type":"model","model":"item/icon/down_orange"}},{"threshold":1861,"model":{"type":"model","model":"item/icon/down_pink"}},{"threshold":1862,"model":{"type":"model","model":"item/icon/down_purple"}},{"threshold":1863,"model":{"type":"model","model":"item/icon/down_red"}},{"threshold":1864,"model":{"type":"model","model":"item/icon/down_white"}},{"threshold":1865,"model":{"type":"model","model":"item/icon/down_yellow"}},{"threshold":10000004,"model":{"type":"model","model":"item/icon/scrollbar_oben"}},{"threshold":10000005,"model":{"type":"model","model":"item/icon/scrollbar_mitte"}},{"threshold":10000006,"model":{"type":"model","model":"item/icon/scrollbar_unten"}},{"threshold":10000007,"model":{"type":"model","model":"item/icon/scrollbutton_oben"}},{"threshold":10000008,"model":{"type":"model","model":"item/icon/scrollbutton_mitte"}},{"threshold":10000009,"model":{"type":"model","model":"item/icon/scrollbutton_unten"}},{"threshold":10000010,"model":{"type":"model","model":"item/icon/scrollhalf_oben"}},{"threshold":10000011,"model":{"type":"model","model":"item/icon/scrollhalf_mitte"}},{"threshold":10000012,"model":{"type":"model","model":"item/icon/scrollhalf_mitte2"}},{"threshold":10000013,"model":{"type":"model","model":"item/icon/scrollhalf_unten"}},{"threshold":900,"model":{"type":"model","model":"item/icon/sorting_black"}},{"threshold":901,"model":{"type":"model","model":"item/icon/sorting_blue"}},{"threshold":902,"model":{"type":"model","model":"item/icon/sorting_brown"}},{"threshold":903,"model":{"type":"model","model":"item/icon/sorting_cyan"}},{"threshold":904,"model":{"type":"model","model":"item/icon/sorting_gray"}},{"threshold":905,"model":{"type":"model","model":"item/icon/sorting_green"}},{"threshold":906,"model":{"type":"model","model":"item/icon/sorting_lightblue"}},{"threshold":907,"model":{"type":"model","model":"item/icon/sorting_lightgray"}},{"threshold":908,"model":{"type":"model","model":"item/icon/sorting_lime"}},{"threshold":909,"model":{"type":"model","model":"item/icon/sorting_magenta"}},{"threshold":910,"model":{"type":"model","model":"item/icon/sorting_orange"}},{"threshold":911,"model":{"type":"model","model":"item/icon/sorting_pink"}},{"threshold":912,"model":{"type":"model","model":"item/icon/sorting_purple"}},{"threshold":913,"model":{"type":"model","model":"item/icon/sorting_red"}},{"threshold":914,"model":{"type":"model","model":"item/icon/sorting_white"}},{"threshold":915,"model":{"type":"model","model":"item/icon/sorting_yellow"}},{"threshold":1000,"model":{"type":"model","model":"item/icon/trash_empty_black"}},{"threshold":1001,"model":{"type":"model","model":"item/icon/trash_empty_blue"}},{"threshold":1002,"model":{"type":"model","model":"item/icon/trash_empty_brown"}},{"threshold":1003,"model":{"type":"model","model":"item/icon/trash_empty_cyan"}},{"threshold":1004,"model":{"type":"model","model":"item/icon/trash_empty_gray"}},{"threshold":1005,"model":{"type":"model","model":"item/icon/trash_empty_green"}},{"threshold":1006,"model":{"type":"model","model":"item/icon/trash_empty_lightblue"}},{"threshold":1007,"model":{"type":"model","model":"item/icon/trash_empty_lightgray"}},{"threshold":1008,"model":{"type":"model","model":"item/icon/trash_empty_lime"}},{"threshold":1009,"model":{"type":"model","model":"item/icon/trash_empty_magenta"}},{"threshold":1010,"model":{"type":"model","model":"item/icon/trash_empty_orange"}},{"threshold":1011,"model":{"type":"model","model":"item/icon/trash_empty_pink"}},{"threshold":1012,"model":{"type":"model","model":"item/icon/trash_empty_purple"}},{"threshold":1013,"model":{"type":"model","model":"item/icon/trash_empty_red"}},{"threshold":1014,"model":{"type":"model","model":"item/icon/trash_empty_white"}},{"threshold":1015,"model":{"type":"model","model":"item/icon/trash_empty_yellow"}},{"threshold":1100,"model":{"type":"model","model":"item/icon/trash_full_black"}},{"threshold":1101,"model":{"type":"model","model":"item/icon/trash_full_blue"}},{"threshold":1102,"model":{"type":"model","model":"item/icon/trash_full_brown"}},{"threshold":1103,"model":{"type":"model","model":"item/icon/trash_full_cyan"}},{"threshold":1104,"model":{"type":"model","model":"item/icon/trash_full_gray"}},{"threshold":1105,"model":{"type":"model","model":"item/icon/trash_full_green"}},{"threshold":1106,"model":{"type":"model","model":"item/icon/trash_full_lightblue"}},{"threshold":1107,"model":{"type":"model","model":"item/icon/trash_full_lightgray"}},{"threshold":1108,"model":{"type":"model","model":"item/icon/trash_full_lime"}},{"threshold":1109,"model":{"type":"model","model":"item/icon/trash_full_magenta"}},{"threshold":1110,"model":{"type":"model","model":"item/icon/trash_full_orange"}},{"threshold":1111,"model":{"type":"model","model":"item/icon/trash_full_pink"}},{"threshold":1112,"model":{"type":"model","model":"item/icon/trash_full_purple"}},{"threshold":1113,"model":{"type":"model","model":"item/icon/trash_full_red"}},{"threshold":1114,"model":{"type":"model","model":"item/icon/trash_full_white"}},{"threshold":1115,"model":{"type":"model","model":"item/icon/trash_full_yellow"}},{"threshold":18000,"model":{"type":"model","model":"item/icon/black_arrow_disabled"}},{"threshold":18010,"model":{"type":"model","model":"item/icon/blue_arrow_disabled"}},{"threshold":18020,"model":{"type":"model","model":"item/icon/brown_arrow_disabled"}},{"threshold":18030,"model":{"type":"model","model":"item/icon/cyan_arrow_disabled"}},{"threshold":18040,"model":{"type":"model","model":"item/icon/gray_arrow_disabled"}},{"threshold":18050,"model":{"type":"model","model":"item/icon/green_arrow_disabled"}},{"threshold":18060,"model":{"type":"model","model":"item/icon/lightblue_arrow_disabled"}},{"threshold":18070,"model":{"type":"model","model":"item/icon/lightgray_arrow_disabled"}},{"threshold":18080,"model":{"type":"model","model":"item/icon/lime_arrow_disabled"}},{"threshold":18090,"model":{"type":"model","model":"item/icon/magenta_arrow_disabled"}},{"threshold":18100,"model":{"type":"model","model":"item/icon/orange_arrow_disabled"}},{"threshold":18110,"model":{"type":"model","model":"item/icon/pink_arrow_disabled"}},{"threshold":18120,"model":{"type":"model","model":"item/icon/purple_arrow_disabled"}},{"threshold":18130,"model":{"type":"model","model":"item/icon/red_arrow_disabled"}},{"threshold":18140,"model":{"type":"model","model":"item/icon/white_arrow_disabled"}},{"threshold":18150,"model":{"type":"model","model":"item/icon/yellow_arrow_disabled"}}]},"oversized_in_gui":true}